Address,Baths,Beds,Price,Size,Suffix
RAJUK PURBACHAL SECTOR-2,3,3,"3,600","1,250 sqft", per sqft
"Plot-19, Road-23, Block: D, Mirpur 12, Dhaka.",4,4,"4,500,000","1,300 sqft", total price
"Plot # 39/1 & 39/1/1, Road No.-04,  Shaymoli, Dhaka",3,3,"7,000","1,280 sqft", per sqft
Uttara,4,3,"13,000,000","1,686 sqft", total price
"Plot: 310, Road No: 10, Block: J, Bashundhara R/A",4,3,"6,500","1,880 sqft", per sqft
"60 feet,Bareak mollar mor,Mirpur-02",3,3,"4,400,000","1,140 sqft", total price
"Basundhara R/A, Block# B, Dhaka",3,3,"17,500,000","2,105 sqft", total price
"Plot # 190, Road # 2, New DOHS, Mohakhali, Dhaka.",4,4,"18,000","2,700 sqft", per sqft
BasundaraR/A,3,3,"7,250","1,560 sqft", per sqft
"Address: Holding # 465 , Senpara Porbota, Mirpur 13, Dhaka",3,3,"4,800","1,490 sqft", per sqft
Uttara,3,3,"10,000,000","1,500 sqft", total price
"594,Chalabon,Dakshinkhan near matir mosjid & CNG Pump",2,2,"3,200",960 sqft, per sqft
"Address: Holding # 465 , Senpara Porbota, Mirpur 13, Dhaka",3,3,"4,700","1,550 sqft", per sqft
Banani,3,3,"22,000,000","2,200 sqft", total price
"Plot: 448, Road No: 09, Block: K, Bashundhara R/A",4,4,"6,500","2,135 sqft", per sqft
Khilgaon,2,3,"5,000","1,125 sqft", per sqft
"Bashundhara R/A , Block-I, Road-03, Plot-449 (Near 2nd Mehdi Mart Dept. Store)",3,3,"5,800","1,550 sqft", per sqft
"Sector # 3, Road # 9 @ Uttara, Dhaka - 1230",3,3,"8,500,000","1,350 sqft", total price
Rajuk Uttara Apartment project,4,3,"4,500","1,650 sqft", per sqft
"North Badda, North Badda near bazer",3,3,"5,600","1,600 sqft", per sqft
Gulshan 01,3,3,"20,000,000","1,850 sqft", total price
Mirpur,4,3,"16,500,000","2,200 sqft", total price
"Plot-81, Road no-05, Block-D, Bashundhara R/A",5,4,"8,700","2,562 sqft", per sqft
Bashundhara,4,3,"9,500","2,000 sqft", per sqft
"Bashtola Road, Shajadpur,  Gulshan-2, Dhaka-1212",3,3,"6,500,000","1,250 sqft", total price
Gulshan Dhaka,4,3,"25,000,000","2,000 sqft", total price
Bashundhara Riverview Residential Area,2,3,"3,500","1,000 sqft", per sqft
Bashundhara,3,3,"6,000","1,600 sqft", per sqft
Bashundhara,3,3,"7,000","1,830 sqft", per sqft
Bashundhara Residential Area,3,3,"18,000,000","1,875 sqft", total price
Near Square Hospital,4,3,"10,000","1,250 sqft", per sqft
Uttara,3,3,"10,000,000","1,640 sqft", total price
"road-15,house-37,block-d,secation-12",2,2,"2,700,000",650 sqft, total price
Baridhara diplomatic zone,4,4,"20,500","3,850 sqft", per sqft
Gulshan 2,4,3,"19,000","2,400 sqft", per sqft
Sector 10 Road 13,3,3,"6,300,000","1,350 sqft", total price
"Sector - 13, Uttara, Dhaka .",4,3,"9,000,000","1,350 sqft", total price
"Address: Holding # 465 , Senpara Porbota, Mirpur 13, Dhaka",3,3,"4,800","1,495 sqft", per sqft
"road-07,house-119,block-b,secation-12",3,3,"7,800,000","1,350 sqft", total price
"road-07,house-119,block-b,secation-12",3,3,"5,700,000","1,200 sqft", total price
"road-15,house-37,block-d,secation-12",3,3,"5,200,000","1,300 sqft", total price
Uttara,4,5,"9,000,000","1,500 sqft", total price
"Plot No:449,, Road # 3, Block # I (Near 2nd Mehdi Mart Departmental Store )",3,3,"5,800","1,550 sqft", per sqft
"House#24, Road#5,Block#J, Banasree, Dhaka.",2,3,"4,800",950 sqft, per sqft
"road-02,house-24,block-b,secation-12",3,3,"7,000,000","1,350 sqft", total price
Adabor Road 1,3,3,"7,500,000","1,320 sqft", total price
"road-N/6,house-H/25,block-H,Eastern Housing",2,2,"3,600,000",800 sqft, total price
Kallyanpur,2,2,"2,600,000",650 sqft, total price
"road-04,house-27,28,block-ta,secation-12",2,2,"2,800,000",750 sqft, total price
"road-08,house-141,block-E,secation-11",2,2,"4,000,000",720 sqft, total price
"road-15,house-37,block-d,secation-12",2,2,"2,700,000",650 sqft, total price
"Sector#10, Road#09, House# 09, Uttara ,Dhaka",2,3,"4,900","1,050 sqft", per sqft
lalmatia,3,3,"12,000","1,651 sqft", per sqft
"Sector - 07, Uttara, Dhaka .",4,3,"12,000,000","1,548 sqft", total price
"road-2,house-24,block-b,secation-12",3,3,"7,000,000","1,350 sqft", total price
"Sector - 12, Uttara, Dhaka .",4,3,"10,000,000","1,500 sqft", total price
"Shiddeshwary, Moghbazar",3,3,"10,500,000","1,400 sqft", total price
"road-07,house-119,block-b,secation-12",3,3,"7,800,000","1,350 sqft", total price
"aftabnagar,House #14,Block#B,Road #1",3,3,"8,500,000","1,265 sqft", total price
"Plot - 622, Road - 07, Block - G",4,3,"6,000","1,476 sqft", per sqft
"E/T 7/3 (7th floor).ekota tower,muslim nagor, badsha mia road, demra, dhaka.",3,3,"4,300,000","1,100 sqft", total price
"Address: Holding # 465 , Senpara Porbota, Mirpur 13, Dhaka",3,3,"4,700","1,490 sqft", per sqft
"road-2,house-24,block-b,secation-12",3,3,"7,000,000","1,350 sqft", total price
"Ulon Road,  Rampura, Dhaka.",4,3,"7,000,000","1,250 sqft", total price
"Lechu Bagan, Juarashahara, North Baridhara",3,3,"8,000,000","1,450 sqft", total price
"House-16,18, Road-08,Block-M, Banasree, Rampura, Dhaka-1219",3,4,"4,800","1,735 sqft", per sqft
23/c zikatola dhaka 1209,4,4,"7,999","2,200 sqft", per sqft
Lalmatia block F 6stories building 5th floot flat,5,5,"6,200","2,500 sqft", per sqft
"Bashundhara R/A , Block-D, Road-10, Plot-315-317 (Near Appolo Hospital)",3,3,"7,000","1,600 sqft", per sqft
"Gopi kishan road,wari,Dhaka",3,3,"8,500","1,249 sqft", per sqft
"road-15,house-37,block-d,secation-12",3,3,"5,200,000","1,300 sqft", total price
Gulshan north,4,4,"19,000","4,700 sqft", per sqft
Gulshan north,4,4,"19,000","4,700 sqft", per sqft
Banani Road 04,4,4,"14,000","3,200 sqft", per sqft
Banani Road 04,4,4,"14,000","2,800 sqft", per sqft
"Bank Town, Savar",3,3,"3,200,000","1,150 sqft", total price
Gulshan,4,3,"23,000,000","2,200 sqft", total price
"Plot No:315-317, Road # 10, Block # D (Near Apollo International Hospital )",3,3,"7,000","1,560 sqft", per sqft
"road-15,house-37,block-d,secation-12",2,2,"5,200,000",650 sqft, total price
"97,Borobagh,Mirpur-2,Dhaka-1216",4,6,"5,000","2,800 sqft", per sqft
Kathalbagan,2,3,"5,500","1,050 sqft", per sqft
"road-08,house-141,block-e,secation-11",2,2,"4,000,000",723 sqft, total price
"road-2,house-24,block-b,secation-12",3,3,"7,000,000","1,350 sqft", total price
mirpur 12,2,2,"2,200,000",878 sqft, total price
Road 4 Block C,2,3,"7,500","1,472 sqft", per sqft
Basundhara R/A,3,3,"6,300","1,800 sqft", per sqft
Gulshan north,4,4,"19,500","3,950 sqft", per sqft
Gulshan north,4,4,"19,000","3,200 sqft", per sqft
Gulshan north,4,4,"19,000","3,580 sqft", per sqft
"Gulshan 1 Dhaka 1212, Flat For Sale",5,4,"30,000,000","3,100 sqft", total price
Gulshan 2 Dhaka Apartments Flat For Sale,4,3,"47,000,000","2,500 sqft", total price
Gulshan,5,4,"50,000,000","3,600 sqft", total price
savar,2,3,"3,200","1,000 sqft", per sqft
Gulshan North,4,4,"20,000","3,500 sqft", per sqft
Baridhara diplomatic zone,5,5,"20,000","12,000 sqft", per sqft
"lBHA#6, South Badda , Gulshan Dhaka",4,3,"6,000","1,800 sqft", per sqft
"plot-10,ro-05,Bl-J, Bonosiree",5,4,"5,100","1,820 sqft", per sqft
"House No: 32/12/1/C, Sultanganj (beside beribadh road), Rayer Bazar, Mohammadpur, Dhaka.",2,2,"5,800,000",700 sqft, total price
Baridhara  D/Z,3,3,"19,000","2,500 sqft", per sqft
Gulshan 01,4,4,"15,500","3,550 sqft", per sqft
Gulshan 01,4,4,"17,500","5,250 sqft", per sqft
Gulshan 02,4,4,"19,500","4,250 sqft", per sqft
Gulshan 02,4,4,"19,500","4,450 sqft", per sqft
Gulshan 02,4,4,"19,000","4,450 sqft", per sqft
"Palashnagar, Mirpur 11",3,3,"5,000,000","1,240 sqft", total price
Uttara,4,3,"11,500,000","1,550 sqft", total price
"road-15,house-37,block-d,secation-12",2,2,"2,700,000",650 sqft, total price
Uttara,3,3,"8,500,000","1,400 sqft", total price
Uttara,2,2,"5,500,000",950 sqft, total price
Gulshan,4,4,"60,000,000","2,950 sqft", total price
"road-04,house-227,228,block-ta,secation-12",2,2,"2,800,000",750 sqft, total price
Uttara,3,3,"14,000,000","1,910 sqft", total price
Uttara,2,3,"7,500,000","1,250 sqft", total price
"road-2,house-24,block-b,secation-12",3,3,"7,000,000","1,350 sqft", total price
Uttara Sector 11,4,4,"6,500","1,850 sqft", per sqft
Baridhara diplomatic zone,3,3,"21,000","2,580 sqft", per sqft
Baridhara diplomatic zone,4,4,"21,000","3,850 sqft", per sqft
Baridhara diplomatic zone,4,4,"21,500","3,680 sqft", per sqft
Baridhara diplomatic zone,4,4,"21,500","4,250 sqft", per sqft
Baridhara,4,4,"21,500","4,250 sqft", per sqft
UTTARA SECTOR - 4,4,3,"7,350","1,450 sqft", per sqft
"PLOT # 658, ROAD #9, BLOCK # I, BASHUNDHARA , DHAKA",3,4,"6,200","1,900 sqft", per sqft
Uttara,4,3,"7,650",142 sqft, per sqft
"road-04,house-27,28,block-ta,secation-12",2,2,"2,800,000",750 sqft, total price
Gulshan north,4,4,"17,500","4,250 sqft", per sqft
"road-2,house-24,block-b,secation-12",3,3,"7,000,000","1,350 sqft", total price
"House#24, Road#5,Block#J, Banasree, Dhaka.",2,3,"4,800",950 sqft, per sqft
"Bashundhara, Road#10, Block# D.",3,3,"7,200","1,620 sqft", per sqft
Bashundhara,3,3,"12,000,000","1,800 sqft", total price
Uttara,4,3,"7,500,000","1,410 sqft", total price
Uttara,3,3,"11,000,000","1,662 sqft", total price
"Sector - 04, Uttara, Dhaka .",3,3,"14,000,000","1,400 sqft", total price
"Sector - 04, Uttara, Dhaka .",3,3,"10,000,000","1,450 sqft", total price
mirpur,3,2,"4,500,000","1,050 sqft", total price
"Malibagh Pabna Colony Road, 3rd Floor [Front Facing]",3,3,"7,500,000","1,140 sqft", total price
"Sector - 04, Uttara, Dhaka .",4,3,"9,000","2,000 sqft", per sqft
GULSHAN,4,3,"12,000","2,430 sqft", per sqft
"ফায়দাবাদ মেইন রোড(মিজানের গ্যারেজ), দক্ষিণখান, উত্তরা, ঢাকা-১২৩০।",2,3,"3,600","1,050 sqft", per sqft
GULSHAN 2,4,3,"34,500,000","2,300 sqft", total price
"plot - 09 Road - 01,Army Housing Society,dakkhin khan,uttara,Dhaka",3,3,"3,550","1,435 sqft", per sqft
"1338 East shewrapara,kafrul dhaka' 1216",3,3,"5,000","1,525 sqft", per sqft
"1200 East Shewrapara, Kafrul , Dhaka - 1216",3,3,"3,500","1,395 sqft", per sqft
Uttara,3,3,"11,000,000","1,770 sqft", total price
"road-08,house-141,block-E,secation-11",2,2,"4,000,000",720 sqft, total price
"Holy Mimma Garden, 31/3 Tajmohol Road, Block # C, Mohammadpur, Dhaka-1207, Near Krishi Market",2,2,"3,500,000",720 sqft, total price
"Uttara, Sector - 10, Road # 02",4,4,"25,000,000","2,510 sqft", total price
"1200 East Shewrapara,  Dhaka - 1216",3,3,"3,500","1,090 sqft", per sqft
"বাড়ী নং: খ-১৭, শাহ্জাদপুর, গুলশান-০২, ঢাকা",3,3,"5,600","1,166 sqft", per sqft
"road-08,house-141,block-E,secation-11",2,2,"4,000,000",720 sqft, total price
Gulshan north,4,4,"20,000","4,500 sqft", per sqft
"road-15,house-37,block-d,secation-12",3,3,"5,200,000","1,300 sqft", total price
"road-1,house-10,block-b,secation-12",3,3,"8,000,000","1,300 sqft", total price
"road-1,house-10,block-b,secation-12",6,6,"16,000,000","2,600 sqft", total price
"Beside The Sector#10.Road#09.House#08,Uttara, Dhaka.",2,3,"4,900","1,050 sqft", per sqft
"road-12,house-21,block-d,secation-12",2,2,"3,000,000",720 sqft, total price
"House-16,18, Road-08,Block-M, Banasree, Rampura, Dhaka-1219",3,4,"4,800","1,735 sqft", per sqft
"House-7,Rd-7,Block-C,Dhaka Uddan Housing,Mohammadpur",2,2,"3,800",650 sqft, per sqft
"Bashundhara R/A, Baridhara",3,3,"6,000","1,550 sqft", per sqft
"Sector - 05, Uttara",3,3,"6,800,000","1,120 sqft", total price
Uttara,2,3,"7,500,000","1,250 sqft", total price
Gulshan,4,3,"50,000,000","4,600 sqft", total price
Gulshan,4,4,"60,000,000","2,950 sqft", total price
Uttara,2,2,"5,500,000",950 sqft, total price
Uttara,4,3,"11,000,000","1,550 sqft", total price
Uttara,3,3,"8,500,000","1,400 sqft", total price
"House-34, Main Road, Block-B, Aftabnagar, Badda, Dhaka-1219",3,4,"5,500","2,377 sqft", per sqft
Gulshan,4,3,"40,000,000","2,600 sqft", total price
Gulshan,2,3,"40,000,000","2,600 sqft", total price
Bashundhara,3,4,"7,500","1,450 sqft", per sqft
"House # 530, 1st Floor, Road # 07, Mirpur DOHS, Dhaka.",3,4,"19,200,000","2,400 sqft", total price
"Sector 9, Uttara.",3,3,"7,000,000","1,250 sqft", total price
"Pallabi, Mirpur, Dhaka.",3,3,"6,000","1,335 sqft", per sqft
West Panthopoth,2,3,"6,600,000","1,200 sqft", total price
Indira Road,4,3,"16,000,000","1,678 sqft", total price
Gulshan2 Dhaka 1212 Residential property,4,3,"20,000,000","2,050 sqft", total price
Gulshan 2 Dhaka 1212 Residential property,4,3,"20,000","2,500 sqft", per sqft
Uttara,3,3,"5,050","1,652 sqft", per sqft
"House 36/1, Road 15/1, Avenue 5, Pallabi, Mirpur 11, Dhaka.",3,3,"3,900","1,284 sqft", per sqft
Basundhara R/A,3,3,"5,800","1,550 sqft", per sqft
Banani,2,3,"25,000,000","1,890 sqft", total price
Banani,2,3,"25,000,000","1,890 sqft", total price
Gulshan,3,3,"28,500,000","1,800 sqft", total price
Uttara,3,3,"10,000","1,750 sqft", per sqft
Gulshan north,4,4,"80,000,000","4,500 sqft", total price
Uttara,4,3,"10,000,000","1,545 sqft", total price
Uttara,3,3,"8,500","1,500 sqft", per sqft
Badda,1,2,"8,500,000","1,050 sqft", total price
Ashkona Dakshin khan,2,2,"4,500,000","1,030 sqft", total price
Uttara,3,3,"9,500","2,202 sqft", per sqft
Uttara,5,3,"20,500,000","2,184 sqft", total price
Uttara,5,3,"20,500,000","2,184 sqft", total price
Banani,4,3,"30,000,000","2,380 sqft", total price
Gulshan North,5,4,"45,000,000","2,800 sqft", total price
Basundhara R/A,3,3,"5,850","1,550 sqft", per sqft
Uttara,4,4,"8,500","2,075 sqft", per sqft
Lalmatia,5,4,"6,500","2,500 sqft", per sqft
"Plot-81, Road no-05, Block-D, Bashundhara R/A",5,4,"8,700","2,550 sqft", per sqft
10/3/3 Wasa road basabo landscape nebula,2,3,"5,000",970 sqft, per sqft
Uttara,4,3,"11,000,000","1,376 sqft", total price
Uttara,4,3,"11,000,000","1,376 sqft", total price
Uttara,3,3,"15,000,000","2,100 sqft", total price
Uttara,5,3,"12,000,000","1,257 sqft", total price
Uttara,4,3,"7,500","1,530 sqft", per sqft
Uttara,3,3,"8,000","1,500 sqft", per sqft
"238/1 Kawlar Bazar, Dakhinkhan, Dhaka1229",3,3,"6,000,000","1,439 sqft", total price
Baridhara,4,4,"90,000,000","4,000 sqft", total price
Uttara,3,3,"11,000,000","1,531 sqft", total price
Uttara,4,3,"15,500,000","1,750 sqft", total price
Uttara,4,3,"12,500,000","1,570 sqft", total price
Banani,3,3,"28,000,000","2,300 sqft", total price
"42/F Indira Road, Forum Apartment",3,3,"7,000,000","1,708 sqft", total price
Gulshan,3,4,"56,000,000","4,000 sqft", total price
"Banasree, Avenue 8, H Block",3,3,"5,500,000","1,222 sqft", total price
"Banasree, G Block",4,4,"8,000,000","1,678 sqft", total price
J-Block,3,3,"7,500,000","1,250 sqft", total price
"Sector#10, Road#09, House# 09, Uttara ,Dhaka",2,3,"4,900","1,050 sqft", per sqft
Lalmatia BLOCK # B,3,3,"8,300","1,700 sqft", per sqft
"735/A, Block : A, Khilgaon, Dhaka- 1219.",4,4,"4,700","1,700 sqft", per sqft
"Bashundhara, Road#23, Block-F",4,3,"6,012","1,556 sqft", per sqft
"Hajj Camp, Ashkona, Uttara, Dhaka",2,3,"5,000,000","1,120 sqft", total price
"road-15,house-37,block-d,secation-12",3,3,"5,200,000","1,300 sqft", total price
"road-04,house-227,228,block-ta,secation-12",2,2,"2,800,000",750 sqft, total price
"road-2,house-24,block-b,secation-12",3,3,"7,000,000","1,350 sqft", total price
"road-07,house-119,block-b,secation-12",3,3,"8,000,000","1,350 sqft", total price
"road no-5,house no-20,kallyanpur,dhaka,1207",2,2,"2,500,000",700 sqft, total price
"Richmond Saheen's Dream, H-315, Road-10, D - Block, Basundhara R/A.",3,3,"7,000","1,560 sqft", per sqft
Bashundhara,5,4,"8,000","2,300 sqft", per sqft
Bashundhara,5,4,"8,000","2,300 sqft", per sqft
Bashundhara,3,3,"7,000","1,830 sqft", per sqft
Uttara,2,3,"7,500,000","1,120 sqft", total price
Uttara,2,3,"7,500,000","1,120 sqft", total price
Uttara,3,3,"6,500,000","1,000 sqft", total price
Uttara,3,3,"6,500,000","1,000 sqft", total price
"Arambag, Pallabi, Mirpur.",3,3,"5,700","1,310 sqft", per sqft
"বাড়ী নং: ৬৩/ আই /১, শেরেবাংলা রোড, কাটাসুর, মোহাম্মদপুর, ঢাকা",3,3,"5,600","1,110 sqft", per sqft
Uttara,4,2,"7,500,000","1,331 sqft", total price
Uttara,4,2,"7,500,000","1,331 sqft", total price
Banani,4,4,"25,000,000","2,800 sqft", total price
Banani,2,3,"29,500,000","2,305 sqft", total price
Banani,2,3,"29,500,000","2,305 sqft", total price
Basundhara R/A,3,3,"6,500","1,550 sqft", per sqft
"Plot: F-13-18, Block-F, Section-11, Mirpur, Dhaka",4,3,"6,000","2,087 sqft", per sqft
"road-15,house-37,block-d,secation-12",2,2,"2,700,000",650 sqft, total price
"road-H/6,plot-H/25,block-h,Eastran housing",2,2,"3,600,000",800 sqft, total price
Basundhara R/A,3,3,"5,850","1,550 sqft", per sqft
Basundhara R/A,3,3,"7,300","1,600 sqft", per sqft
"road-2,house-24,block-b,section-12",3,3,"7,000,000","1,350 sqft", total price
"PLOT-F-13-18, BOCK-F, SECTION-11,BUILDING NO-1,BLOCK-A",4,3,"6,000","1,839 sqft", per sqft
shapno nagar(MIRPUR DOHS)UCB CHATTAR,4,3,"9,000,000","1,664 sqft", total price
"Road: 3, Dhanmondi, Dhaka.",3,3,"12,000","1,857 sqft", per sqft
Gulshan,4,3,"34,000,000","2,550 sqft", total price
"ফায়দাবাদ মেইন রোড(মিজানের গ্যারেজ), দক্ষিণখান, উত্তরা, ঢাকা-১২৩০।",2,3,"3,600","1,050 sqft", per sqft
"Road-2, Shyamoli, Dhaka-1207",2,3,"4,550,000","1,140 sqft", total price
"road-04,house-227,228,block-Ta,section-12",2,2,"2,800,000",750 sqft, total price
"road-12,house-21,block-d,section-12",2,2,"3,000,000",720 sqft, total price
"Flat#B2, Rangs Falgooni, 9/2 Sir Sayed Road, Mohammadpur, Dhaka",3,4,"10,000","2,300 sqft", per sqft
Bashundhara,3,3,"6,000","1,600 sqft", per sqft
Bashundhara,4,3,"12,500,000","1,810 sqft", total price
Bashundhara,4,3,"12,500,000","1,810 sqft", total price
"Area - Basundhara R/A Block - A, Road -13  .Plot 295  (3rd floor)",4,3,"9,000","1,860 sqft", per sqft
"plot-447, road-15, block-J, basundhara R/A",2,3,"5,800","1,010 sqft", per sqft
Uttara,2,2,"3,100,000",912 sqft, total price
"Plot: 310, Road No: 10, Block: J, Bashundhara R/A",3,3,"6,500","1,880 sqft", per sqft
Basundhara R/A,3,3,"5,800","1,555 sqft", per sqft
Baridhara Basundhar Dhaka,3,3,"10,500,000","1,550 sqft", total price
"House no:1197,Avenue:10, Mirpur  , Dhaka-1216",4,4,"19,000,000","2,200 sqft", total price
"হাসনাবাদ হাউজিং, দক্ষিণ কেরানীগঞ্জ,ঢাকা।",2,4,"2,500,000","1,070 sqft", total price
"প্লট#৯৭, রোড#১৬, সেক্টর#১১, উত্তরা, ঢাকা",2,3,"6,000,000",910 sqft, total price
Gulshan 02,4,4,"17,500","3,200 sqft", per sqft
Gulshan 02,4,4,"19,500","3,500 sqft", per sqft
Gulshan 02,4,4,"19,000","3,700 sqft", per sqft
Gulshan,4,4,"31,000,000","3,000 sqft", total price
"Dhaka Uddan Residential area, Mohammadpur, Dhaka-1207",3,3,"4,400,000","1,155 sqft", total price
Gulshan diplomatic zone,4,3,"21,000,000","1,980 sqft", total price
"Banasree, H-Block",2,3,"4,500,000","1,210 sqft", total price
"Banasree, E- Block",3,3,"10,000,000","1,500 sqft", total price
"Plot-81, Road no-05, Block-D, Bashundhara R/A",5,4,"8,700","2,555 sqft", per sqft
Bashundhara Block C,4,4,"15,500,000","1,990 sqft", total price
"road-1,house-10,block-b,section-12",3,3,"8,000,000","1,350 sqft", total price
"Plot-81, Road no-05, Block-D, Bashundhara R/A",5,4,"8,700","2,553 sqft", per sqft
143 west dhanmondi (modhubazer).,3,3,"6,500","1,225 sqft", per sqft
"Plot 835, Bajar Road, Middle Badda, Dhaka",2,2,"4,200","1,050 sqft", per sqft
"Plot # 403,404, Road# 8, Block-D, Bashundhara R/A",3,3,"6,500","1,510 sqft", per sqft
"Plot # 403,404, Road# 8, Block-D, Bashundhara R/A",3,3,"6,500","1,550 sqft", per sqft
"Plot # 403,404, Road# 8, Block-D, Bashundhara R/A",3,3,"6,500","1,510 sqft", per sqft
"Plot 835, Bajar Road, Middle Badda",2,3,"4,200","1,100 sqft", per sqft
"Plot-81, Road no-05, Block-D, Bashundhara R/A",5,4,"8,700","2,550 sqft", per sqft
"Plot # 1104/1 Kachukhet, Dhaka Cantonment, Dhaka",3,3,"4,200","1,150 sqft", per sqft
"Plot # 1104/1, Kachukhet,",3,3,"4,400","1,350 sqft", per sqft
Basundhara R/A,3,3,"6,800","1,550 sqft", per sqft
"Banasree, H-Block",2,3,"4,500,000","1,050 sqft", total price
"road-04,house-227,228,block-ta,section-12",2,2,"2,700,000",650 sqft, total price
Mohammadpur Japan Garden City,3,3,"6,700,000","1,041 sqft", total price
"Plot-81, Road no-05, Block-D, Bashundhara R/A",5,4,"8,700","2,556 sqft", per sqft
"Banasree, G-Block",3,3,"6,732,000","1,320 sqft", total price
Uttara,2,2,"4,500,000",910 sqft, total price
Uttara,4,3,"9,500,000","1,530 sqft", total price
Uttara,4,3,"9,500,000","1,530 sqft", total price
Bashundhara,3,3,"11,500,000","1,650 sqft", total price
Bashundhara,3,3,"11,500,000","1,650 sqft", total price
Gulshan-1,4,3,"140,000,000","1,350 sqft", total price
"plot-447, road-15, block-J, basundhara R/A",2,3,"5,800","1,010 sqft", per sqft
341/1 East Kazipara Kafrul Mirpur Dhak 1216,3,3,"4,800,000","1,020 sqft", total price
Basundhara R/A,3,3,"7,100","1,560 sqft", per sqft
"677/3- WEST KAZIPARA MIRPUR DHAKA-1216 ,",3,3,"4,000","1,420 sqft", per sqft
"109/5/b ,west Dhanmondi",3,3,"6,800","1,212 sqft", per sqft
Mohammadpur,2,2,"4,000,000",815 sqft, total price
Malibag,2,3,"10,000,000","1,368 sqft", total price
Malibagh,2,3,"10,000,000","1,368 sqft", total price
Malibag,2,3,"10,000,000","1,368 sqft", total price
"Plot-81, Road no-05, Block-D, Bashundhara R/A",5,4,"8,700","2,550 sqft", per sqft
"road-07,house-119,block-b,section-12",3,3,"8,000,000","1,350 sqft", total price
"Plot: 310, Road No: 10, Block: J, Bashundhara R/A",3,3,"6,500","1,885 sqft", per sqft
"Beside The Sector#10.Road#09.House#09,Uttara,",2,3,"4,900","1,050 sqft", per sqft
"২৫, স্বামীবাগ, করাতিটোলা, ওয়ারী থানা ঢাকা। ওয়ান্ডারলেন্ড পার্কের উল্টা পার্শে মেইন রোড।",3,3,"6,000","1,200 sqft", per sqft
"House # 317, Road # 21,DOHS-Mohakhali, Dhaka-1206,",3,3,"13,000","1,425 sqft", per sqft
"Airport, Haji camp",3,3,"4,900","5,200 sqft", per sqft
"road-11,house-208,block-b,section-12",3,3,"8,000,000","1,350 sqft", total price
"road-11,house-208,block-b,section-12",3,3,"8,000,000","1,350 sqft", total price
Mohakhali Brac University,2,3,"5,600,000","1,050 sqft", total price
"Near Bolla Mosque , Shahjadpur near to Road 106 Gulshan -2 Offside of Marium Tower -02",3,3,"5,700","1,250 sqft", per sqft
"House- 34, Road-16, Sec- 12, Uttara",3,3,"9,500,000","1,626 sqft", total price
"Beside The Sector#10.Road#09.House#08,Uttara.",2,3,"4,900","1,050 sqft", per sqft
"House # 269, New Elephant Road (Vojjo Teler Goli), Dhaka-1205",3,3,"8,500","1,233 sqft", per sqft
Bashundhara,4,4,"20,000,000","2,200 sqft", total price
Bashundhara,4,4,"20,000,000","2,200 sqft", total price
"Dag no-2602, Mazibari Road, Dakkhinkhan, Uttara, Dhaka-1230",2,3,"3,500",894 sqft, per sqft
"Sarker Azad Castle, Gopalpur pur road, Tongi, Gajpur.",2,2,"2,500,000",852 sqft, total price
Gulshan,4,3,"23,000,000","1,950 sqft", total price
"road-07,house-119,block-b,section-12",3,3,"8,000,000","1,350 sqft", total price
"109/5/B,west Dhanmondi",3,3,"6,800","1,218 sqft", per sqft
Basundhara R/A,3,3,"6,100","1,550 sqft", per sqft
Uttara Dhaka -1230,4,3,"6,850","1,710 sqft", per sqft
Gulshan 02,3,3,"17,500","2,350 sqft", per sqft
Dhanmondi 32,4,4,"13,500","2,950 sqft", per sqft
Gulshan 02,3,3,"18,500","2,550 sqft", per sqft
Gulshan 02,4,4,"21,000","3,500 sqft", per sqft
"Bashundhara Riverview, Block A, Addin Hospital road",3,3,"2,850","1,400 sqft", per sqft
276/2,3,3,"7,500,000","1,300 sqft", total price
Basundhara R/A,3,3,"5,780","1,551 sqft", per sqft
Basundhara R/A,3,3,"5,500","1,550 sqft", per sqft
"Tipu sultan road,Wari,Dahka",3,3,"6,500","1,401 sqft", per sqft
"Sector#10, Road#09, House# 09, Uttara ,Dhaka",2,3,"4,900","1,050 sqft", per sqft
"Plot: 310, Road No: 10, Block: J, Bashundhara R/A",3,3,"6,500","1,880 sqft", per sqft
"House 32/F, 2/A, Rayerbazar, West Dhanmondi, Hashem Khan Road, Hazrat Shah Ali Goli",2,3,"3,600,000","1,050 sqft", total price
"south mollartak borttola,beside airport hajjcamp civil aviation colony_ঢাকা ওয়াসা পানির পাম্প",2,3,"3,500","1,012 sqft", per sqft
"Plot No.109/5/B,west Dhanmondi,Dhaka.",3,3,"6,800","1,210 sqft", per sqft
"ECB Chattar, Dhaka Cantonment, Dhaka.",3,3,"5,300","1,210 sqft", per sqft
"Beside The Sector#10.Road#09.House#08, Uttara, Dhaka",2,3,"4,900","1,050 sqft", per sqft
"Plot # 2/11/B/1, Mymensingh Road Sahbagh, Dhaka-1000.",4,3,"10,000","1,700 sqft", per sqft
"Plot # 35, Road # 1, Dhanmondi R/A, Dhaka-1209",5,4,"14,000","1,410 sqft", per sqft
"House # 269, New Elephant Road (Vojjo Teler Goli), Dhaka-1205.",3,3,"8,500","1,183 sqft", per sqft
"Sarker Sayda Kutir, , Sangrami Sarani Road, Azampur( Near of 04 Sector at Uttara,Dhaka-1230",3,3,"4,500","1,159 sqft", per sqft
"Plot # 67, Block # B, Road # 8, Basundhara R/A, Dhaka.",4,4,"9,000","1,900 sqft", per sqft
"House # 269, New Elephant Road (Vojjo Teler Goli), Dhaka-1205.",3,3,"8,500","1,173 sqft", per sqft
"Kathalbagan, Road 1,  Flat B2. Amecas Roshon Castle.",4,3,"20,000,000","2,200 sqft", total price
"Plot-81, Road no-05, Block-D, Bashundhara R/A",5,4,"8,700","2,563 sqft", per sqft
"road-04,house-27,28,block-ta,secation-12",2,2,"2,700,000",750 sqft, total price
"Plot-22,Road-09,Block-M,Banasree,Dhaka",3,3,"4,800","1,550 sqft", per sqft
"Mirpur Dohs, Mirpur Dhaka.",4,4,"17,500,000","2,200 sqft", total price
"International Airport Road, Dhaka-1213,",4,3,"20,500,000","2,000 sqft", total price
Lalmatia,4,3,"10,500","1,750 sqft", per sqft
Dhanmondi,4,3,"12,500","2,175 sqft", per sqft
Banani,3,3,"8,500","2,012 sqft", per sqft
Uttara Dhaka -1230,4,3,"6,500","1,550 sqft", per sqft
Bashundhara,4,3,"12,000,000","1,790 sqft", total price
"Sector# 07, Uttara, Dhaka, 1230",5,4,"21,000,000","2,500 sqft", total price
"Road - 9, South Baridhara, DIT Project, Merul Badda, Dhaka.",2,2,"4,500,000",850 sqft, total price
"Plot No.109/5/B,west Dhanmondi,Dhaka.",3,3,"6,800","1,210 sqft", per sqft
"Plot: 448, Road No: 09, Block: K, Bashundhara R/A",4,4,"6,500","2,135 sqft", per sqft
"nokshikola tower 2,ati bazer cng stand,near md.pur,dhaka",3,3,"3,200","1,000 sqft", per sqft
10/1 iqbal road,3,3,"6,500","1,400 sqft", per sqft
"22, K. M. Dash Lane, Tikatuli Dhaka-1203",3,3,"5,500","1,305 sqft", per sqft
Basundhara R/A,3,3,"7,150","1,564 sqft", per sqft
"Sector 7, Uttara, Dhaka.",4,3,"12,500,000","1,610 sqft", total price
Mirpur,2,2,"2,800,000",750 sqft, total price
"77, Karatitola, Saydabad",2,3,"4,800,000","1,150 sqft", total price
"ROAD # 23,PLOT-773, BASHUNDHARA (nEAR MEHDI MART)",3,3,"6,000","1,550 sqft", per sqft
"Plot No.109/5/B,west Dhanmondi,Dhaka.",3,3,"6,800","1,210 sqft", per sqft
"Road No.10, Baitul Aman Housing Society, Adabar, Mohammedpur, Dhaka",2,3,"3,500,000","1,150 sqft", total price
"Navana Garden, Kallyanpur, Dhaka- 1207 (Behind Razia Tower), adjacent to Miprur Road (Main Road)",2,2,"3,100,000",800 sqft, total price
"Plot-81, Road no-05, Block-D, Bashundhara R/A",5,4,"8,700","2,550 sqft", per sqft
"Beside The Sector#10.Road#09.House#08, Uttara, Dhaka",2,3,"4,900","1,050 sqft", per sqft
"Plot: 310, Road No: 10, Block: J, Bashundhara R/A",4,3,"6,500","1,888 sqft", per sqft
"27/28, Bahadurpur lane, Faridabad, Gandaria-Dhaka",2,3,"4,000","1,150 sqft", per sqft
"24/A, Tipu-sultan Road, Wari",3,3,"7,500","1,423 sqft", per sqft
"22, K.M, Das Lane,Tikatuli",3,3,"5,500","1,195 sqft", per sqft
"road-12,house-21,block-d,section-12",2,2,"3,000,000",720 sqft, total price
"road-4,house-227,228,block-ta,section-12",2,2,"2,800,000",750 sqft, total price
"Plot No.109/5/B,west Dhanmondi,Dhaka.",3,3,"6,800","1,210 sqft", per sqft
Bashundhara,4,3,"9,500","2,000 sqft", per sqft
Bashundhara,4,3,"9,500","2,000 sqft", per sqft
Bashundhara,3,3,"7,500","1,565 sqft", per sqft
Bashundhara,3,3,"7,500","1,565 sqft", per sqft
Mirpur,4,4,"12,000","2,360 sqft", per sqft
Mirpur,4,4,"7,500","2,200 sqft", per sqft
Mirpur,5,4,"18,000,000","2,200 sqft", total price
Mirpur,5,4,"18,000,000","2,200 sqft", total price
Mirpur,5,3,"8,500","2,200 sqft", per sqft
Mirpur,5,3,"8,500","2,200 sqft", per sqft
Gulshan,5,4,"20,000","3,950 sqft", per sqft
Uttara,3,3,"11,500,000","1,376 sqft", total price
Uttara,3,3,"11,500,000","1,376 sqft", total price
Uttara,3,3,"12,500,000","1,450 sqft", total price
Uttara,3,3,"12,500,000","1,450 sqft", total price
"ফায়দাবাদ মেইন রোড(মিজানের গ্যারেজ), দক্ষিণখান, উত্তরা, ঢাকা-১২৩০।",2,3,"3,800","1,050 sqft", per sqft
"Plot # 403,404, Road# 8, Block-D, Bashundhara R/A",3,3,"6,500","1,595 sqft", per sqft
"Plot # 403,404, Road# 8, Block-D, Bashundhara R/A",4,3,"6,500","1,600 sqft", per sqft
Banani,5,4,"13,500","3,700 sqft", per sqft
Gulshan 2,4,4,"43,200,000","3,200 sqft", total price
"manikdi namapara road,dhaka cantonment beside ECB chottor",2,3,"3,500","1,225 sqft", per sqft
Gulshan Dhaka,4,3,"37,820,000","2,440 sqft", total price
"1,Central Bashabo,Dhaka.",3,3,"5,800","1,440 sqft", per sqft
"Plot: 310, Road No: 10, Block: J, Bashundhara R/A",4,3,"6,500","1,889 sqft", per sqft
"road-12,house-21,block-d,section-12",2,2,"3,000,000",720 sqft, total price
"Plot: 448, Road No: 09, Block: K, Bashundhara R/A",4,4,"6,500","2,135 sqft", per sqft
"Plot-81, Road no-05, Block-D, Bashundhara R/A",5,4,"8,700","2,558 sqft", per sqft
Bashundara F Block,3,3,"6,450","1,550 sqft", per sqft
"Plot-81, Road no-05, Block-D, Bashundhara R/A",5,4,"8,699","2,550 sqft", per sqft
Gulshan -2,4,3,"18,000,000","1,900 sqft", total price
"Front of Chines, Mirpur-1, Dhaka-1216",3,3,"2,300,000","1,250 sqft", total price
"Basundhara Riverview, South Keranigang, Dhaka 1311",2,3,"3,500","1,200 sqft", per sqft
DOHS MIRPUR,3,3,"13,000,000","1,600 sqft", total price
"road-N/6,house-H/25,block-H,Eastern Housing",3,3,"7,200,000","1,600 sqft", total price
"road-4,house-227,228,block-ta,section-12",2,2,"2,800,000",750 sqft, total price
"road-12,house-21,block-d,section-12",2,2,"3,000,000",720 sqft, total price
"road-08,house-141,block-E,section-11",2,2,"4,000,000",720 sqft, total price
"বাড়ী নং: ৬৩/ আই /১, শেরেবাংলা রোড, কাটাসুর, মোহাম্মদপুর, ঢাকা",3,4,"5,600","1,515 sqft", per sqft
Gulshan North,4,3,"20,000","3,750 sqft", per sqft
"147, South Jatrabari Dhaka (Near Jatrabari Circle)",3,3,"4,900","1,360 sqft", per sqft
Gulshan 2 Dhaka  Residential Flat  Sale,3,3,"22,000,000","2,010 sqft", total price
Dhanmondi,4,3,"22,000,000","1,850 sqft", total price
sector 6,4,3,"11,000,000","1,550 sqft", total price
Mirpur,4,3,"16,500,000","2,200 sqft", total price
Mirpur,4,3,"16,500,000","2,200 sqft", total price
Mirpur,4,4,"18,000,000","2,150 sqft", total price
MIrpur,4,4,"18,000,000","2,150 sqft", total price
Khilgaon,2,2,"8,000,000","1,050 sqft", total price
Mirpur,2,4,"8,000","2,400 sqft", per sqft
Mirpur,2,4,"8,000","2,400 sqft", per sqft
Mirpur,3,3,"24,000,000","2,200 sqft", total price
Mirpur,3,3,"24,000,000","2,200 sqft", total price
Uttara,4,3,"15,000,000","1,686 sqft", total price
"Plot No:315-317, Road # 10, Block # D (Near Apollo International Hospital )",3,3,"7,000","1,560 sqft", per sqft
Uttara,4,3,"15,000,000","1,686 sqft", total price
Mirpur,3,3,"7,500","1,100 sqft", per sqft
Mirpur,3,3,"7,500","1,100 sqft", per sqft
Baridhara diplomatic zone,4,4,"21,000","3,950 sqft", per sqft
Baridhara diplomatic zone,5,4,"19,000","4,200 sqft", per sqft
Gulshan 02,3,3,"16,000","3,000 sqft", per sqft
Bashundhara,3,3,"17,500,000","2,050 sqft", total price
Bashundhara,3,3,"17,500,000","2,050 sqft", total price
"Plot-81, Road no-05, Block-D, Bashundhara R/A",5,4,"8,700","2,550 sqft", per sqft
"Plot: 310, Road No: 10, Block: J, Bashundhara R/A",4,3,"6,500","1,880 sqft", per sqft
"Plot 4/2, Block E, Lalmatia Housing Estate",3,3,"12,000","1,651 sqft", per sqft
"Uttara , Sector-1, Dhaka- 1230",5,4,"30,000,000","2,636 sqft", total price
Block= A  road= 15 south facing,5,4,"13,500,000","2,250 sqft", total price
Gulshan 01,3,3,"20,000,000","1,850 sqft", total price
Gulshan north,3,3,"15,000","2,660 sqft", per sqft
Gulshan north,3,3,"15,000","3,060 sqft", per sqft
Gulshan north,3,3,"19,500","2,950 sqft", per sqft
"Plot# 24, Road# 10, Sector # 04, Uttara model town",3,3,"7,000","2,300 sqft", per sqft
"Plot No.109/5/B,west Dhanmondi,Dhaka.",3,3,"6,850","1,210 sqft", per sqft
"road-07,house-119,block-b,section-12",3,3,"7,000,000","1,350 sqft", total price
"Falu Tower Modhubagh Road, Dhaka",2,2,"5,000,000",900 sqft, total price
Baridhara diplomatic zone,4,4,"21,000","3,650 sqft", per sqft
Middle Gulshan Apartments Flat For Sale,4,3,"28,000,000","2,430 sqft", total price
Gulshan 2 Dhaka,3,3,"22,000,000","2,010 sqft", total price
Gulshan road 104,4,3,"16,500","2,450 sqft", per sqft
"road-N/6,plot-H/25,block-h,eastran housing",3,3,"7,200,000","1,600 sqft", total price
"plot-447, road-15, block-J, basundhara R/A",2,3,"5,800","1,010 sqft", per sqft
"Plot-81, Road no-05, Block-D, Bashundhara R/A",5,4,"8,700","2,557 sqft", per sqft
"road-N/6,plot-H/25,block-h,eastran housing",3,3,"7,200,000","1,600 sqft", total price
"60 feet Road,Bareak mollar mor,Mirpur-02",3,3,"4,500,000","1,125 sqft", total price
"B-253,Khilgaon,R/A(East of Matir Mosjid,Beside the Mukti Nursing)",2,3,"5,500","1,120 sqft", per sqft
"Road #10, Plot# 719, 720, DOHS mirpur",5,4,"6,500","2,500 sqft", per sqft
"road-15,house-37,block-d,section-12",2,2,"5,200,000","1,300 sqft", total price
"road-15,house-37,block-d,section-12",3,3,"5,200,000","1,300 sqft", total price
"road-07,house-119,block-b,section-12",3,3,"8,000,000","1,350 sqft", total price
"road-2,house-10,block-b,section-12",3,3,"7,000,000","1,350 sqft", total price
"Plot No.109/5/B,west Dhanmondi,Dhaka.",3,3,"6,855","1,210 sqft", per sqft
Gulshan Nikaton,3,3,"13,000,000","1,610 sqft", total price
Gulshan-02,5,4,"16,500","3,370 sqft", per sqft
south mollartak borttola near by airport hajicamp,2,3,"4,500,000","1,038 sqft", total price
south mollartak borttola dakkinkhan near by uttara airport hajicamp,2,3,"4,500,000","1,035 sqft", total price
south mollartak borttola dakkinkhan near by uttara airport hajicamp,3,3,"4,100","1,054 sqft", per sqft
south mollartak borttola dakkinkhan near by uttara airport hajicamp,2,3,"3,500","1,030 sqft", per sqft
"Plot-81, Road no-05, Block-D, Bashundhara R/A",5,4,"8,690","2,550 sqft", per sqft
Basundhara R/A,3,3,"7,000","1,610 sqft", per sqft
"Uttara-12, Road-14",3,3,"6,500","1,400 sqft", per sqft
Gulshan north,4,4,"20,000","4,500 sqft", per sqft
Gulshan north,4,4,"20,000","4,500 sqft", per sqft
Gulshan north,4,4,"20,500","4,050 sqft", per sqft
"House # 173,Road#10,Block # B,Sector #12,Mirpur,Dhaka.",6,6,"14,000,000","2,660 sqft", total price
"Senpara Parbata, Mirpur 10",3,3,"6,300,000","1,380 sqft", total price
Uttara Kamar Para,2,2,"4,000,000","1,000 sqft", total price
"Lalmatia , Dhaka 1209",5,4,"12,000","2,245 sqft", per sqft
"261/3,manikdi namapara road,dhaka cantonment beside ECB chottor",2,3,"3,500","1,225 sqft", per sqft
"House -61, Road No-04, South Mollartake, Dokkhan khan, Dhaka-1230.",3,3,"4,500","1,250 sqft", per sqft
Basundhara R/A,3,3,"6,950","1,555 sqft", per sqft
Gulshan north,4,4,"20,500","4,050 sqft", per sqft
"S # 12, R # 16",3,3,"5,900","1,626 sqft", per sqft
"Plot-81, Road no-05, Block-D, Bashundhara R/A",5,4,"8,700","2,550 sqft", per sqft
"road-15,house-37,block-d,section-12",3,3,"5,200,000","1,300 sqft", total price
"Plot # 403,404, Road# 8, Block-D, Bashundhara R/A",3,3,"6,500","1,650 sqft", per sqft
"Plot # 403,404, Road# 8, Block-D, Bashundhara R/A",3,3,"6,500","1,560 sqft", per sqft
Plot no-,4,3,"7,800","1,554 sqft", per sqft
"Plot: 310, Road No: 10, Block: J, Bashundhara R/A",4,3,"6,500","1,882 sqft", per sqft
"Plot: 448, Road No: 09, Block: K, Bashundhara R/A",4,4,"6,500","2,140 sqft", per sqft
"Block - C, Bashundara R/A, Dhaka.",5,4,"10,000","3,510 sqft", per sqft
"road-12,house-21,block-d,section-12",2,2,"3,000,000",720 sqft, total price
Dhanmondi,4,3,"13,000","2,200 sqft", per sqft
Dhanmondi,4,3,"21,000,000","2,254 sqft", total price
"Plot-81, Road no-05, Block-D, Bashundhara R/A",5,4,"8,690","2,558 sqft", per sqft
"Plot: 310, Road No: 10, Block: J, Bashundhara R/A",4,3,"6,500","1,883 sqft", per sqft
"ULUDAHA SOBUR GONI MARKET,BAUNIYA, TURAG",2,3,"3,500","1,120 sqft", per sqft
"Plot: 448, Road No: 09, Block: K, Bashundhara R/A",3,4,"6,500","2,134 sqft", per sqft
"ULUDAHA SOBUR GONI MARKET,BAUNIYA, TURAG",2,3,"3,500","1,030 sqft", per sqft
Gulshan north,4,4,"17,000","3,650 sqft", per sqft
Gulshan north,4,3,"16,000","3,200 sqft", per sqft
Gulshan north,4,4,"18,000","4,000 sqft", per sqft
"Plot No.109/5/B,west Dhanmondi,Dhaka.",3,3,"6,800","2,820 sqft", per sqft
"235 Elephant Road, near bata singnal, Newmarket,Dhaka.",3,3,"10,500","1,400 sqft", per sqft
"Panthachaya, 152/2/G1, 152/2/G/2, Green Road, 60, North Dhanmondi, Kalabagan, Dhaka.",3,3,"17,700,000","1,475 sqft", total price
"Plot # 712/22/3, Road number # 10, Baitul Aman Housing Society, Adabor, Dhaka",3,3,"5,100,000","1,150 sqft", total price
Baridhara diplomatic zone,4,4,"18,000","4,000 sqft", per sqft
Gulshan north,4,4,"18,000","3,800 sqft", per sqft
Baridhara diplomatic zone,3,3,"17,000","2,200 sqft", per sqft
Sector-4,4,3,"9,500,000","1,470 sqft", total price
"Plot# 24, Road# 10, Sector # 04, Uttara model town",5,4,"7,100","2,300 sqft", per sqft
"প্লট-3115,316,317, রোড-10, ব্লক-ডি, বসুন্ধরা অ/এ, ঢাকা",4,3,"7,000","1,620 sqft", per sqft
"Plot-81, Road no-05, Block-D, Bashundhara R/A",5,4,"8,700","2,562 sqft", per sqft
Bashundhara B block,3,3,"8,500","2,300 sqft", per sqft
"109/5/B, West Dhanmondi, Dhaka.",3,3,"6,800","1,233 sqft", per sqft
"সেক্টর: ৩, রোড: ৪, উত্তরা।",4,3,"11,000,000","1,613 sqft", total price
"ULUDAHA SOBUR GONI MARKET,BAUNIYA, TURAG",2,3,"3,500","1,010 sqft", per sqft
"Plot-81, Road no-05, Block-D, Bashundhara R/A",5,4,"8,690","2,551 sqft", per sqft
"Green Corner, Green Road, Dhaka -1205.",3,3,"6,500,000","1,155 sqft", total price
Uttara Sector-13,3,3,"9,000,000","1,514 sqft", total price
Uttara Sector-12,3,3,"8,900,000","1,600 sqft", total price
নিকুঞ্জ 2 . Road 1 কবি ফারুক সরণি,3,3,"11,000,000","1,530 sqft", total price
"ULUDAHA SOBUR GONI MARKET,BAUNIYA, TURAG",2,2,"3,500",870 sqft, per sqft
"Boro Moghbazar , Mogbazar Dhaka",4,3,"5,750","1,285 sqft", per sqft
near faizur rahman ideal Institute.,2,3,"4,750",950 sqft, per sqft
"South monipur,60 feet,Bareak mollar mor,Mirpur-02",3,3,"4,000","1,130 sqft", per sqft
"Sector # 3 @ Uttara, Dhaka - 1230",4,3,"12,500,000","1,478 sqft", total price
Uttara Sector-04,4,3,"8,500","2,000 sqft", per sqft
Uttara,4,3,"30,000,000","2,600 sqft", total price
Uttara,4,3,"30,000,000","2,600 sqft", total price
"road-12,house-21,block-d,section-12",2,2,"3,000,000",720 sqft, total price
"Section: 12, Block-B, Road-03, Home-60",3,3,"7,000,000","1,350 sqft", total price
"Plot: 448, Road No: 09, Block: K, Bashundhara R/A",4,4,"6,500","2,135 sqft", per sqft
Bashundhara,3,3,"10,500,000","1,500 sqft", total price
Bashundhara,4,4,"18,000,000","2,000 sqft", total price
Bashundhara,4,4,"18,000,000","2,000 sqft", total price
Bashundhara,4,4,"18,000,000","2,000 sqft", total price
"Gulshan, Dhaka",4,3,"12,000","2,470 sqft", per sqft
Khilgaon,2,4,"5,000","1,925 sqft", per sqft
Khilgaon,2,4,"5,000","1,925 sqft", per sqft
Khilgaon,2,4,"5,000","1,925 sqft", per sqft
"Plot # 67, Block # B, Road # 8, Basundhara R/A, Dhaka.",4,4,"9,000","1,900 sqft", per sqft
Khilgaon,2,3,"5,000","1,125 sqft", per sqft
Khilgaon,2,3,"5,000","1,125 sqft", per sqft
"Plot No.109/5/B,west Dhanmondi,Dhaka.",3,3,"6,800","1,210 sqft", per sqft
Khilgaon,2,3,"5,000","1,175 sqft", per sqft
Mirpur,4,4,"16,000,000","2,200 sqft", total price
Mirpur,4,4,"16,000,000","2,200 sqft", total price
Mirpur,5,4,"20,000,000","2,200 sqft", total price
Mirpur,5,4,"20,000,000","2,200 sqft", total price
Mirpur,3,3,"8,000,000","1,200 sqft", total price
Mirpur,3,3,"8,000,000","1,200 sqft", total price
Mirpur,3,3,"8,000,000","1,200 sqft", total price
"Sector 11, Road 15 @ Uttara Dhaka  1230",4,4,"9,500,000","1,834 sqft", total price
"Plot-81, Road no-05, Block-D, Bashundhara R/A",5,4,"8,690","2,557 sqft", per sqft
"In Front of Chines, Sha-Alibugh , Mirpur-1, Dhaka-1216",3,4,"4,500,000","1,450 sqft", total price
BARIDHARA,4,3,"38,500,000","3,300 sqft", total price
"87/2 West Dhanmondi, Shankar, Dhaka.",3,3,"13,500,000","1,545 sqft", total price
"80/A Enayat Gonj , Pilkhana ,Dhaka-1205 .",2,2,"3,000","1,100 sqft", per sqft
"1, Central Bashabo.",3,3,"5,500","1,476 sqft", per sqft
"তেতুল তলা, হজ্জ কেম্প, আশ কোনা এয়ারপোট, উওরা, ঢাকা।",2,3,"4,000,000","1,080 sqft", total price
"109/5/B, West Dhanmondi, Dhaka.",3,3,"6,800","1,250 sqft", per sqft
Uttara Sector-13,4,3,"13,500,000","1,575 sqft", total price
"Plot # 221, Road # 08, Block # J, Bashundhara R/A, Dhaka-1229.",5,4,"6,800","2,450 sqft", per sqft
"Plot # 253, Road # 07, Block # I, Bashundhara R/A, Dhaka-1229.",4,3,"6,500","1,650 sqft", per sqft
"ফায়দাবাদ মেইন রোড(মিজানের গ্যারেজ), দক্ষিণখান, উত্তরা, ঢাকা-১২৩০।",2,3,"3,800","1,050 sqft", per sqft
"Plot # 20,21,22, Road # 03, Block # A, Chandrima Model Town, Mohammadpur, Dhaka",3,3,"3,800","1,450 sqft", per sqft
"109/5/B, West Dhanmondi, Dhaka.",3,3,"6,800","1,200 sqft", per sqft
"Plot: 310, Road No: 10, Block: J, Bashundhara R/A",4,3,"6,500","1,880 sqft", per sqft
Gulshan,5,4,"90,000,000","5,300 sqft", total price
"Address: Holding # 465 , Senpara Porbota, Mirpur 13, Dhaka",3,3,"4,800","1,495 sqft", per sqft
Dhanmondi,4,3,"49,000,000","2,900 sqft", total price
"manikdi namapara road,dhaka cantonment beside ECB chottor",2,3,"3,500","1,166 sqft", per sqft
"320 /B, Block : B, Khilgaon, Dhaka- 1219",4,4,"12,000,000","1,750 sqft", total price
"south mollartak borttola,beside airport hajjcamp civil aviation colony_ঢাকা ওয়াসা পানির পাম্প",2,3,"4,000,000","1,038 sqft", total price
"Modhumita Road,Tongi,Gazipur Beside Bata Head Office & Shahid Ahsan Ullah Mastar Stadium",2,3,"3,500","1,028 sqft", per sqft
"road-07,house-119,block-b,section-12",3,3,"8,000,000","1,350 sqft", total price
"ULUDAHA SOBUR GONI MARKET,BAUNIYA, TURAG",2,3,"3,500","1,030 sqft", per sqft
Gulshan1area Dhaka Apartments Flat Sale,4,3,"25,000,000","2,400 sqft", total price
"road-12,house-21,block-d,section-12",2,2,"3,000,000",720 sqft, total price
"road-15,house-37,block-d,section-12",4,4,"5,200,000","1,350 sqft", total price
"road-15,house-37,block-d,section-12",2,2,"3,600,000",650 sqft, total price
"road-02,house-24,block-b,section-12",3,3,"7,000,000","1,350 sqft", total price
"City Complex, Ashkona, Airport, Uttara, Dhaka.",4,4,"13,000,000","2,550 sqft", total price
"Plot # 52/2, Road # 2/1, Pallobi, Mirpur, Dhaka.",2,2,"4,500",650 sqft, per sqft
"Plot-81, Road no-05, Block-D, Bashundhara R/A",5,4,"8,690","2,564 sqft", per sqft
"west manikdi,dhaka cantonment.dhaka- 1230.",2,3,"3,500","1,196 sqft", per sqft
"Iqbal Road, Mohammadpur",4,3,"18,000,000","1,700 sqft", total price
Khilgaon,2,3,"5,000","1,175 sqft", per sqft
Mohakhali DOHS,2,3,"16,000,000","1,400 sqft", total price
Mohakhali DOHS,2,3,"16,000,000","1,400 sqft", total price
Mohakhali DOHS,2,3,"16,000,000","1,400 sqft", total price
Mirpur,2,3,"4,500,000","1,100 sqft", total price
Banani,3,3,"22,000,000","2,200 sqft", total price
Banani,3,3,"22,000,000","2,200 sqft", total price
Banani,3,4,"28,000,000","2,300 sqft", total price
Banani,3,4,"280,000,000","2,300 sqft", total price
RAJUK PURBACHAL NEW TOWN SECTOR-2.,3,3,"3,600","1,800 sqft", per sqft
Khilkhet Moddhopara,5,4,"2,350","2,380 sqft", per sqft
"109/5/B, West Dhanmondi, Dhaka.",3,3,"6,800","1,200 sqft", per sqft
"Plot-81, Road no-05, Block-D, Bashundhara R/A",5,4,"8,699","2,568 sqft", per sqft
Baridhara park road,4,3,"13,000","2,150 sqft", per sqft
Badda Link Road,5,4,"17,000,000","2,300 sqft", total price
"Road # 11, House # 767 A, Mirpur DOHS",4,3,"18,000,000","2,200 sqft", total price
"south mollartak borttola,ashkona beside hajjcamp civil aviation colony",2,3,"3,850","1,045 sqft", per sqft
"manikdi namapara road,dhaka cantonment beside ECB chottor",2,3,"3,450","1,220 sqft", per sqft
"Modhumita Road,Tongi,Gazipur Beside Bata Head Office",2,3,"3,500","1,048 sqft", per sqft
"বাড়ী নং: ৬৩/ আই /১, শেরেবাংলা রোড, কাটাসুর, মোহাম্মদপুর, ঢাকা",3,3,"5,600","1,110 sqft", per sqft
"road-15,house-37,block-d,section-12",2,2,"2,700,000",650 sqft, total price
"Banani , Dhaka 1213",4,3,"10,250","2,000 sqft", per sqft
"south mollartak borttola,ashkona beside hajjcamp civil aviation colony",3,3,"4,600","1,250 sqft", per sqft
"Sector - 13, Uttara, Dhaka .",3,3,"7,000","1,350 sqft", per sqft
"Bashundhara R/A, Road#23, Block-F, Plot-773",4,3,"6,000","1,550 sqft", per sqft
"109/5/B, West Dhanmondi, Dhaka.",3,3,"6,800","1,255 sqft", per sqft
"1, Central Bashabo.",3,3,"5,500","1,444 sqft", per sqft
"বাড়ী নং: খ-১৭, শাহ্জাদপুর, গুলশান-০২, ঢাকা।",3,3,"5,600","1,263 sqft", per sqft
"594,Chalabon,Dakkinkhan near matir mosjid & CNG Pump",4,5,"3,500","1,920 sqft", per sqft
"Weast manikdi namapara road,dhaka cantonment beside ECB chottor",2,3,"3,500","1,235 sqft", per sqft
"Address: Holding # 465 , Senpara Porbota, Mirpur 13, Dhaka",3,3,"4,800","1,420 sqft", per sqft
"Sector # 3, Road # 7 @ Uttara",2,2,"7,000,000","1,000 sqft", total price
Mirpur,2,3,"4,500,000","1,100 sqft", total price
"House:00, Kalabagan, Dhaka.",5,4,"20,000,000","2,500 sqft", total price
Mirpur,2,3,"4,500,000","1,100 sqft", total price
Mohakhali,2,3,"17,000,000","1,375 sqft", total price
Mohakhali,2,3,"17,000,000","1,375 sqft", total price
"road-02,house-24,block-b,section-12",3,3,"7,000,000","1,350 sqft", total price
"road-15,house-37,block-d,section-12",2,2,"2,700,000",650 sqft, total price
"Plot: 448, Road No: 09, Block: K, Bashundhara R/A",4,4,"6,500","2,142 sqft", per sqft
"বাড়ী নং: খ-১৭, শাহ্জাদপুর, গুলশান-০২, ঢাকা।",3,3,"5,600","1,475 sqft", per sqft
"Plot-81, Road no-05, Block-D, Bashundhara R/A",5,4,"22,900,000","2,548 sqft", total price
"Mirpur wasa road shewerapara, Dhka",3,3,"3,500","1,250 sqft", per sqft
"Holding No # 669, Gabtola, Nayatola jaha Box Lane, Mogbazar, Dhaka 1217",2,3,"5,400","1,230 sqft", per sqft
"Sector # 5, Road # 7 @ Uttara",4,5,"13,500,000","1,895 sqft", total price
Mirpur,4,3,"24,000,000","2,200 sqft", total price
Mirpur,4,3,"24,000,000","2,200 sqft", total price
Mirpur,2,4,"9,000","2,200 sqft", per sqft
Mirpur DOHS,3,3,"10,000","2,200 sqft", per sqft
Mirpur DOHS,3,3,"10,000","2,200 sqft", per sqft
"Address: Holding # 465 , Senpara Porbota, Mirpur 13, Dhaka",3,3,"4,800","1,495 sqft", per sqft
"109/5/B, West Dhanmondi, Dhaka.",3,3,"6,800","1,200 sqft", per sqft
"Plot-81, Road no-05, Block-D, Bashundhara R/A",5,4,"8,690","2,558 sqft", per sqft
"Plot-81, Road no-05, Block-D, Bashundhara R/A",5,4,"23,900,000","2,560 sqft", total price
"Address: Holding # 465 , Senpara Porbota, Mirpur 13, Dhaka",3,3,"4,800","1,550 sqft", per sqft
"road-12,house-21,block-d,section-12",2,2,"3,000,000",720 sqft, total price
"Plot# 403 404, Road # 8, Block -D, Bashundhara, Dhaka.",3,3,"6,800","1,498 sqft", per sqft
"594,Chalabon,Dakshinkhan near matir mosjid & CNG Pump",2,2,"3,500",955 sqft, per sqft
"Front of Chines, Sha-Alibugh , Mirpur-1, Dhaka-1216",3,4,"4,800,000","1,550 sqft", total price
"Plot: 448, Road No: 09, Block: K, Bashundhara R/A",3,4,"6,500","2,133 sqft", per sqft
"1, Central Bashabo.",3,3,"5,500","1,470 sqft", per sqft
"249/55,West Mollartak Borttola,Dakkinkhan,beside uttara sector-4",3,3,"6,000,000","1,250 sqft", total price
"Sector # 13, Road # 17 @ Uttara, Dhaka - 1230",4,3,"12,000,000","1,600 sqft", total price
"west manikdi, namapara, cantonment, dhaka.",2,3,"3,500","1,196 sqft", per sqft
"modumita road, tongi , opposite Bata show room.",2,3,"3,500","1,045 sqft", per sqft
"Plot No.109/5/B,west Dhanmondi,Dhaka.",3,3,"6,800","1,210 sqft", per sqft
"haj camp , besides civil aviation quarter.",3,3,"4,800","1,330 sqft", per sqft
"Plot: 310, Road No: 10, Block: J, Bashundhara R/A",4,3,"6,500","1,890 sqft", per sqft
"Plot-81, Road no-05, Block-D, Bashundhara R/A",5,4,"22,900,000","2,562 sqft", total price
"Gulshan-2, Dhaka",4,4,"16,300","4,139 sqft", per sqft
"south mollartak borttola,ashkona beside hajjcamp civil aviation colony",2,3,"4,000,000","1,036 sqft", total price
"Sector - 11, Uttara, Dhaka .",4,3,"11,000,000","1,507 sqft", total price
"Sector - 07, Uttara, Dhaka .",4,4,"8,500","2,650 sqft", per sqft
"Plot # 403,404, Road# 8, Block-D, Bashundhara R/A",3,3,"6,500","1,510 sqft", per sqft
Uttara Dhaka -1230,4,3,"7,350","1,910 sqft", per sqft
Mirpur,3,3,"18,000,000","2,500 sqft", total price
Mirpur,3,3,"18,000,000","2,500 sqft", total price
Uttara,3,3,"10,000,000","1,500 sqft", total price
Mirpur,4,4,"16,000,000","2,200 sqft", total price
Gulshan,4,3,"27,000,000","2,250 sqft", total price
lalbag,1,2,"1,275,000",440 sqft, total price
Gulshan Dhaka,4,3,"40,300,000","2,600 sqft", total price
"Plot-81, Road no-05, Block-D, Bashundhara R/A",5,4,"8,690","2,562 sqft", per sqft
"Plot-81, Road no-05, Block-D, Bashundhara R/A",5,4,"23,900,000","2,550 sqft", total price
"Sector # 11, Road # 15 @ Uttara, Dhaka - 1230",3,3,"11,000,000","1,600 sqft", total price
"Plot: 448, Road No: 09, Block: K, Bashundhara R/A",3,4,"6,500","2,140 sqft", per sqft
"road-04,house-227,228,block-ta,section-12",2,2,"2,700,000",750 sqft, total price
"Plot: 310, Road No: 10, Block: J, Bashundhara R/A",4,3,"6,500","1,887 sqft", per sqft
Basundhara R/A,3,3,"5,500","1,550 sqft", per sqft
"594,Chalabon,Dakshinkhan,Matir Mosjid,near CNG Pump & Santa Garments",2,2,"3,500",950 sqft, per sqft
"249/55,West Mollartak Borttola,Dakshinkhan,dhaka beside uttara sector-4",3,3,"4,800","1,253 sqft", per sqft
"Road # 23, House # B-177, Mohakhali DOHS",3,3,"14,000","1,050 sqft", per sqft
"house#12 road#13, South barishara DIT project merul, badda, Dhaka",2,2,"4,500,000",775 sqft, total price
"109/5/B,west Dhanmondi",3,3,"6,800","1,221 sqft", per sqft
"Solimuddin Market Road , Mirpur-1, Dhaka-1216",3,3,"3,500,000","1,050 sqft", total price
হোপ স্কুল এবং গ্রিন ফিল্ড স্কুল এর কাছেই মিরপুর ১০নম্বর এ,2,2,"2,800,000",650 sqft, total price
"Plot # 629&630 Road # 09, Block # I, Bashundhara R/A, Dhaka-1229.",5,4,"7,000","2,450 sqft", per sqft
"তেতুল তলা, হজ্জ কেম্প, আশ কোনা এয়ারপোট, উওরা, ঢাকা।",2,3,"3,800","1,120 sqft", per sqft
"Sector # 10, Road # 3 @ Uttara, Dhaka - 1230",4,3,"7,000,000","1,400 sqft", total price
"তেতুল তলা, হজ্জ কেম্প, আশ কোনা এয়ারপোট, উওরা, ঢাকা।",2,3,"3,600","1,080 sqft", per sqft
motijheel,2,2,"3,500,000",820 sqft, total price
"Plot-81, Road no-05, Block-D, Bashundhara R/A",5,4,"8,690","2,550 sqft", per sqft
"ULUDAHA SOBUR GONI MARKET,BAUNIYA, TURAG",2,3,"3,500","1,120 sqft", per sqft
"Plot-81, Road no-05, Block-D, Bashundhara R/A",5,4,"8,700","2,550 sqft", per sqft
"road-08,house-141,block-E,section-11",2,2,"4,000,000",720 sqft, total price
"109/5/B, West Dhanmondi, Dhaka.",3,3,"6,800","1,200 sqft", per sqft
"1, Central Bashabo.",3,3,"5,500","1,480 sqft", per sqft
"road-1,house-10,block-b,section-12",3,3,"8,000,000","1,300 sqft", total price
"road-1,house-10,block-b,section-12",6,6,"16,000,000","2,600 sqft", total price
"261/3,manikdi namapara road,dhaka cantonment beside ECB chottor",2,3,"3,500","1,284 sqft", per sqft
"road-1,house-10,block-b,section-12",3,3,"8,000,000","1,350 sqft", total price
"south mollartak borttola,dakhinkhan uttara beside hajjcamp civil aviation colony",2,3,"4,000,000","1,234 sqft", total price
Uttara,3,3,"7,777","1,350 sqft", per sqft
"Plot-448, Road no-09, Block-K, Bashundhara r/a",4,4,"6,500","2,135 sqft", per sqft
Basundhara R/A,3,3,"7,200","1,600 sqft", per sqft
"Plot-81, Road no-05, Block-D, Bashundhara R/A ( Near Mehedi Mart)",5,4,"8,699","2,549 sqft", per sqft
Bhasantek Dewanpara Panir Pump,2,2,"2,700,000","1,020 sqft", total price
"road-4,house-227,228,block-ta,section-12",2,2,"2,800,000",750 sqft, total price
Uttara Dhaka1230,4,3,"10,500,000","1,700 sqft", total price
"Plot-81, Road no-05, Block-D, Bashundhara R/A",5,4,"8,700","2,568 sqft", per sqft
BasundharaR/A,3,3,"6,300","1,550 sqft", per sqft
"Solimuddin Market Road , Mirpur-1, Dhaka-1216",3,3,"4,100,000","1,240 sqft", total price
Noorjahan road mohammadpur dhaka,3,4,"8,500,000","1,299 sqft", total price
Gulshan (2),5,4,"60,000,000","3,620 sqft", total price
Gulshan Dhaka,5,4,"31,000,000","2,600 sqft", total price
"Alabdirtek, Pallabi, Dhaka.",2,3,"3,200","1,042 sqft", per sqft
"Plot-81, Road no-05, Block-D, Bashundhara R/A ( Near Mehedi Mart)",5,4,"8,700","2,550 sqft", per sqft
"Plot-81, Road no-05, Block-D, Bashundhara R/A",5,4,"8,690","2,566 sqft", per sqft
"Plot: 310, Road No: 10, Block: J, Bashundhara R/A",4,3,"6,500","1,892 sqft", per sqft
"462, South Monipur, Wasa Road, Mirpur, Dhaka.",3,3,"4,700","1,584 sqft", per sqft
"462, South Monipur, Wasa Road, Mirpur, Dhaka.",3,3,"4,700","1,565 sqft", per sqft
"462, South Monipur, Wasa Road, Mirpur, Dhaka.",2,3,"4,700","1,171 sqft", per sqft
"462, South Monipur, Wasa Road, Mirpur, Dhaka.",2,3,"4,700","1,136 sqft", per sqft
DOHS Mohakhali,4,3,"17,000,000","1,400 sqft", total price
"462, South Monipur, Wasa Road, Mirpur, Dhaka.",2,2,"4,700",823 sqft, per sqft
"462, South Monipur, Wasa Road, Mirpur, Dhaka.",2,2,"4,700",749 sqft, per sqft
"House # 269, New Elephant Road (Vojjo Teler Goli), Dhaka-1205.",3,3,"8,500","1,233 sqft", per sqft
"road-04,house-227,228,block-ta,secation-12",2,2,"2,800,000",750 sqft, total price
"plot: 8/9, road:4/2, block: B, Section: 11, Mirpur, pallabi, Dhaka",2,2,"3,500,000",819 sqft, total price
"1,Central Bashabo",3,3,"5,500","1,446 sqft", per sqft
"249/55,West Mollartak Borttola,Dakshinkhan,dhaka beside uttara sector-4",6,6,"4,800","2,500 sqft", per sqft
"তেতুল তলা, হজ্জ কেম্প, আশ কোনা এয়ারপোট, উওরা, ঢাকা।",2,3,"3,800","1,120 sqft", per sqft
"184/1 East Kazi Para, Mirpur, Dhaka -1216.",2,2,"3,600,000",880 sqft, total price
"Chandrima Model Town, Mohammadpur, Dhaka",2,2,"3,500,000","1,000 sqft", total price
"Plot # 22, Road # 27, Sector # 7, Uttara, Dhaka.",3,3,"9,250","2,070 sqft", per sqft
Gulshan,4,3,"23,500,000","2,200 sqft", total price
"Plot # 147, Road # 4, New DOHS, Mohakhali, Dhaka.",4,4,"15,500","2,700 sqft", per sqft
"Plot  # 18, Road # 10, Sector # 1, Uttara, Dhaka.",3,3,"9,250","2,090 sqft", per sqft
"1241/1 East Monipur, Mirpur, Dhaka -1216.",2,3,"4,000,000",880 sqft, total price
"road-15,house-37,block-d,section-12",3,3,"5,200,000","1,300 sqft", total price
"road-15,house-37,block-d,section-12",2,2,"2,700,000",650 sqft, total price
"এইস সানমুন প্যালেস, ৪৩/১৪, শেখেরটেক-৬, আদাবর, মহাম্মাদপুর, ঢাকা।",2,3,"3,900","1,150 sqft", per sqft
Near by Abahoni field & walking distance from Star kabab,3,3,"10,000,000","1,378 sqft", total price
"তেতুল তলা, হজ্জ কেম্প, আশ কোনা এয়ারপোট, উওরা, ঢাকা।",2,3,"3,800","1,120 sqft", per sqft
Bashundhara,4,3,"12,000,000","1,710 sqft", total price
Bashundhara,4,3,"12,000,000","1,710 sqft", total price
Bashundhara,4,3,"13,000,000","1,810 sqft", total price
Mirpur,4,3,"18,000,000","2,200 sqft", total price
Gulshan north,4,4,"19,200","4,000 sqft", per sqft
Gulshan north,4,4,"15,500","3,600 sqft", per sqft
"109/5/B, West Dhanmondi, Dhaka.",3,3,"6,800","1,255 sqft", per sqft
"1, Central Bashabo.",3,3,"5,500","1,477 sqft", per sqft
"road-1,house-10,block-b,section-12",6,6,"16,000,000","2,600 sqft", total price
"Plot-81, Road no-05, Block-D, Bashundhara R/A",5,4,"8,690","2,550 sqft", per sqft
"road-1,house-10,block-b,section-12",3,3,"8,000,000","1,300 sqft", total price
mirpur,2,2,"6,500",925 sqft, per sqft
"Plot-81, Road no-05, Block-D, Bashundhara R/A",5,4,"8,700","2,563 sqft", per sqft
"road-07,house-119,block-b,section-12",3,3,"8,000,000","1,350 sqft", total price
"south mollartak borttola,beside airport hajjcamp civil aviation colony_ঢাকা ওয়াসা",2,3,"4,000,000","1,040 sqft", total price
"594,Chalabon,Dakshinkhan,Matir Mosjid,near CNG Pump & Santa Garments",2,2,"3,000,000",960 sqft, total price
"Plot No.109/5/B,west Dhanmondi,Dhaka.",3,3,"6,800","1,210 sqft", per sqft
"Road No # 129, Lake View, Gulshan- 01, Dhaka.",4,3,"28,000,000","2,835 sqft", total price
"Tetul Tola More, Ashkona, Hajj Camp, Air Port, And Dhaka.",2,3,"3,600","1,080 sqft", per sqft
"Basundhara R/A, Dhaka",3,3,"16,500,000","2,080 sqft", total price
"Janata Houing Ring Road ,Adabor Shyamoli , Mohammadpur",3,3,"5,750","1,443 sqft", per sqft
"Janata Houing Ring Road ,Adabor Shyamoli , Mohammadpur",2,3,"5,500","1,123 sqft", per sqft
"Janata Houing Ring Road ,Adabor Shyamoli , Mohammadpur",2,3,"5,350","1,217 sqft", per sqft
"Mirpur - 6 , Block - A , Section - 6 , Mirpur Dhaka 1216",2,2,"2,300,000",650 sqft, total price
Basundara R/A,3,3,"7,500","1,600 sqft", per sqft
"Airport(opposite of haj camp), Besides of sector- 4, Uttara, dhaka.",3,3,"4,500","1,090 sqft", per sqft
"Basundhara  R/A, Block# D.",3,3,"17,000,000","2,136 sqft", total price
"Sector# 07, Uttara, Dhaka, 1230.",3,3,"15,500,000","1,728 sqft", total price
"Sector # 04,Uttara Model Town, Dhaka-1230",3,3,"13,000,000","1,910 sqft", total price
"594,Chalabon,Dakshinkhan,Matir Mosjid,near CNG Pump & Santa Garments",2,2,"3,000,000",952 sqft, total price
"Plot: 310, Road No: 10, Block: J, Bashundhara R/A",4,3,"6,500","1,887 sqft", per sqft
"Sector # 10, Dhaka-1230.",3,3,"7,750,000","1,550 sqft", total price
"Sector 13, Uttara,Dhaka",4,4,"10,500,000","1,800 sqft", total price
"Sector: 04, Uttara Model Town, Dhaka-1230.",3,3,"10,000,000","1,565 sqft", total price
"Sector: 04, Uttara Model Town, Dhaka-1230",3,3,"11,000,000","1,762 sqft", total price
NEAR TO SHEMOLY RING ROAD & ADABOR THANA,3,3,"5,400","1,550 sqft", per sqft
"Plot: 448, Road No: 09, Block: K, Bashundhara R/A",4,4,"6,500","2,142 sqft", per sqft
"Plot # 37, Road # Kallayanpur Main Road (Beside Jamey Mosque), Mirpur, Dhaka-1216.",3,3,"5,500","1,363 sqft", per sqft
"Plot # 37, Road # Kallayanpur Main Road (Beside Jamey Mosque), Mirpur, Dhaka-1216.",5,4,"5,500","1,954 sqft", per sqft
"261/3,manikdi namapara road,dhaka cantonment beside ECB chottor",2,3,"3,500","1,184 sqft", per sqft
"Plot-81, Road no-05, Block-D, Bashundhara R/A ( Near Mehedi Mart)",5,4,"8,700","2,563 sqft", per sqft
"manikdi ,namapara mosque,Cantonment, Dhaka.",2,3,"3,500","1,200 sqft", per sqft
"Gausul Azam Avenue, Sector 13, Uttara, Dhaka, 1230.",3,3,"16,000,000","2,257 sqft", total price
"ফায়দাবাদ মেইন রোড(মিজানের গ্যারেজ), দক্ষিণখান, উত্তরা, ঢাকা-১২৩০।",2,3,"3,800","1,050 sqft", per sqft
"Sector: 11, Dhaka-1230.",3,3,"9,200,000","1,400 sqft", total price
"Sher-E-Bangla Road, Katasur, Mohammadpur, Dhaka.",2,2,"5,500,000","1,060 sqft", total price
"Solimuddin Market Road , Mirpur-1, Dhaka-1216",3,3,"4,000,000","1,250 sqft", total price
"Sher-E-Bangla Road, Katasur, Mohammadpur, Dhaka.",2,2,"5,000,000",960 sqft, total price
Gulshan2 New Building Flat For Sale,3,3,"30,000,000","2,330 sqft", total price
"Airport,opposite of haj camp,",3,3,"4,500","1,060 sqft", per sqft
"27/28, Bahadurpur Lane, Faridabad, Gandaria",3,3,"4,200","1,252 sqft", per sqft
18/1 main road kallayanpur,3,3,"5,500","1,350 sqft", per sqft
"Plot - 333, Road - 17, Block - E, Basundhara R/A",4,3,"10,800,000","1,750 sqft", total price
"Jamtola, Azampur KachaBazar, Dakshin Khan, Uttara, Dhaka",3,3,"5,500,000","1,300 sqft", total price
"Bashundhora A block,",4,3,"13,000,000","2,200 sqft", total price
"Plot-?, Road-3, Sector-9, Uttara, Dhaka.",3,3,"16,900,000","1,781 sqft", total price
"Manikdi,Namapara Mosque,cantonment, Dhaka.",2,3,"3,500","1,198 sqft", per sqft
"Airport,Opposite off haj camp",2,3,"4,000,000","1,055 sqft", total price
Mirpur,4,3,"18,000,000","2,200 sqft", total price
"Section -15, Behind police staff quarter,Mirpur-14.",4,3,"6,500,000","1,405 sqft", total price
"Tetul Tola More, Ashkona, Hajj Camp, Air Port, And Dhaka.",2,3,"3,600","1,080 sqft", per sqft
"BANANI G BLOCK, NEAR TO BANANI 11 NO. ROAD",4,3,"18,900,000","1,890 sqft", total price
"তেতুল তলা, হজ্জ কেম্প, আশ কোনা এয়ারপোট, উওরা, ঢাকা।",2,3,"3,600","1,080 sqft", per sqft
"Modhumita Road, Tongi",2,3,"3,500","1,050 sqft", per sqft
"nokshikola city center,ati bazer cng stand,near md.pur,dhaka",3,3,"3,300","1,250 sqft", per sqft
"nokshikola city center,ati bazer cng stand,near md.pur,dhaka",2,3,"3,300","1,050 sqft", per sqft
"Plot-81, Road no-05, Block-D, Bashundhara R/A",5,4,"8,700","2,550 sqft", per sqft
"Plot-81, Road no-05, Block-D, Bashundhara R/A ( Near Mehedi Mart)",5,4,"8,690","2,552 sqft", per sqft
"Plot: 448, Road No: 09, Block: K, Bashundhara R/A",4,4,"6,500","2,136 sqft", per sqft
"Sahjadpur,Gulshan, Dhaka",3,3,"9,000,000","1,450 sqft", total price
Uttara,4,3,"50,000","2,350 sqft", /month
"road-07,house-119,block-b,section-12",3,3,"8,000,000","1,350 sqft", total price
"road-15,house-37,block-d,section-12",2,2,"2,700,000",650 sqft, total price
"weastmanikdi namapara road,dhaka cantonment beside ECB chottor",2,3,"3,500","1,222 sqft", per sqft
Gulshan_2,5,4,"32,000,000","3,000 sqft", total price
"ঠিকানা: ১৪১৯/এ , খিলগাঁও ( থানা সংলগ্ন )",3,3,"8,500,000","1,153 sqft", total price
BasundaraR/A,3,3,"6,400","1,550 sqft", per sqft
Gulshan,5,5,"17,000","6,550 sqft", per sqft
Shaymoli,3,3,"7,300,000","1,400 sqft", total price
"109/5/B, West Dhanmondi, Dhaka.",3,3,"6,800","1,248 sqft", per sqft
"Plot # 35, Road # 1, Dhanmondi R/A, Dhaka-1209",5,4,"14,000","1,410 sqft", per sqft
"Road 41, Gulshan, Dhaka.",3,3,"32,000,000","2,700 sqft", total price
"road-15,house-37,block-d,section-12",3,3,"5,200,000","1,300 sqft", total price
"road-15,house-37,block-d,section-12",2,2,"2,700,000","1,300 sqft", total price
"road-2,house-24,block-b,section-12",3,3,"7,000,000","1,350 sqft", total price
NEAR BY EASTERN BONOBITHI MARKET- SOUTH BANASREE,3,3,"5,800,000","1,267 sqft", total price
"south mollartak borttola,beside airport hajjcamp civil aviation colony_ঢাকা ওয়াসা পানির পাম্প",2,3,"4,000,000","1,035 sqft", total price
Basundhara R/A,3,3,"5,650","1,550 sqft", per sqft
"Plot: 310, Road No: 10, Block: J, Bashundhara R/A",4,3,"6,500","1,894 sqft", per sqft
"Mirpur 10, Dhaka.",3,3,"6,300","1,250 sqft", per sqft
"Sarker Sayda Kutir, , Sangrami Sarani Road, Azampur( Near of 04 Sector at Uttara,Dhaka-1230",3,3,"4,500","1,391 sqft", per sqft
Uttara,4,3,"13,000,000","1,686 sqft", total price
Uttara,4,3,"15,000,000","1,686 sqft", total price
East-Rampura-TV-Road-Rampura,3,3,"5,000","1,495 sqft", per sqft
"Plot # 35, Road # 18, Sector # 07, Uttara Model Town, Dhaka.",4,3,"8,500","1,863 sqft", per sqft
"Plot # 10, Road # 16, Sector # 04, Uttara Model Town, Dhaka.",5,4,"8,800","2,192 sqft", per sqft
"Near Sagupta Housing, Alubdirtek, Pallabi",4,4,"6,000,000","1,800 sqft", total price
"Alabdirtek, Pallabi, Dhaka.",2,3,"3,200","1,004 sqft", per sqft
"মৈনারটেক বাজার, উত্তরখান, আবদুল্লাপুর, ঢাকা-১২৩০ ।",2,3,"2,000","1,000 sqft", per sqft
"8/15, Block B, Lalmatia, Dhaka",3,3,"10,000","1,325 sqft", per sqft
"Plot # 253, Road # 07, Block # I, Bashundhara R/A, Dhaka-1229.",4,3,"6,800","1,650 sqft", per sqft
"109/5/B, West Dhanmondi, Dhaka.",3,3,"6,800","1,265 sqft", per sqft
"1, Central Bashabo.",3,3,"5,500","1,474 sqft", per sqft
"H # 110, R # 03  Block # F, Banani, Dhaka",3,3,"13,500","2,180 sqft", per sqft
"470 & 471, Malibag Bazar Road",3,3,"5,850","1,120 sqft", per sqft
"470 & 471, Malibag Bazar Road",2,2,"5,850",940 sqft, per sqft
"House-170, Road No.-04, Block –B,  Basundhara, Dhaka-1229",3,3,"9,000","2,000 sqft", per sqft
"House-408, Aftab Uddin Ahmed Road, Block –C, Basundhara, Dhaka-1229",3,3,"9,500","1,590 sqft", per sqft
"House-408, Aftab Uddin Ahmed Road, Block –C, Basundhara, Dhaka-1229",3,3,"9,500","1,595 sqft", per sqft
"153/B, Khilgaon, Dhaka",3,3,"7,000","1,275 sqft", per sqft
"153/B, Khilgaon, Dhaka",3,3,"7,000","1,285 sqft", per sqft
"Plot # 39/1 & 39/1/1, Road No.-04,  Shaymoli, Dhaka",3,3,"7,000","1,190 sqft", per sqft
"Plot # 39/1 & 39/1/1, Road No.-04,  Shaymoli, Dhaka",3,3,"7,000","1,170 sqft", per sqft
"Plot-81, Road no-05, Block-D, Bashundhara R/A",5,4,"8,700","2,556 sqft", per sqft
"nokshikola city center,ati bazer cng stand,near md.pur,dhaka",2,3,"3,300","1,000 sqft", per sqft
"nokshikola tower 2,md.pur near ata bazer cng stand,dhaka",5,5,"3,200","1,850 sqft", per sqft
"nokshikola tower 2,md.pur near ati bazer,dhaka",2,2,"3,200",700 sqft, per sqft
"5 west kafrul, Sher-E Bangla nagar , Taltola, Dhaka",2,3,"5,500","1,010 sqft", per sqft
"Modumitha Road, Tongi.",2,3,"3,500","1,060 sqft", per sqft
Bashundhara,3,3,"11,499,996","1,400 sqft", total price
Bashundhara,3,3,"11,500,000","1,400 sqft", total price
Bashundhara,3,3,"11,500,000","1,400 sqft", total price
Mirpur,2,3,"5,600,000","1,131 sqft", total price
Mirpur,2,3,"5,600,000","1,131 sqft", total price
Mirpur,2,3,"6,000,000","1,131 sqft", total price
"Airport, Opposite of haj camp, Ashkona, Dhaka.",3,3,"4,500","1,060 sqft", per sqft
gulshan,5,4,"55,000,000","3,850 sqft", total price
Basundhara R/A,3,3,"6,350","1,550 sqft", per sqft
"House- e14, Road- 7, Arambagh Housing , Mirpur",3,3,"5,200","1,760 sqft", per sqft
"Airport. opposite of haj camp, Ashkona, Dhaka.",2,3,"4,000,000","1,054 sqft", total price
"Manikdi, cantonment,dhaka.",2,3,"3,500","1,205 sqft", per sqft
Mohakhali DOHS,6,4,"17,000","3,420 sqft", per sqft
"H- E14, Road - 7 , Arambagh Housing , Mirpur",3,3,"5,200","1,750 sqft", per sqft
"House- e14, Road- 7, Arambagh Housing , Mirpur",3,3,"5,200","1,760 sqft", per sqft
"249/1, south jatrabari",3,3,"5,000","1,241 sqft", per sqft
"Titas Road, Block #A, Banasree, Rampura Dhaka",3,3,"5,200","1,600 sqft", per sqft
"House- e14, Road- 7, Arambagh Housing , Mirpur",3,3,"5,200","1,760 sqft", per sqft
Bashundhara,5,4,"7,100","3,008 sqft", per sqft
"109/5/B, West Dhanmondi, Dhaka.",3,3,"6,800","1,239 sqft", per sqft
"1, Central Bashabo.",3,3,"5,500","1,455 sqft", per sqft
Baridhara diplomatic zone,3,3,"22,000","3,475 sqft", per sqft
"109/5/B,west Dhanmondi",3,3,"6,800","1,213 sqft", per sqft
"Plot # 221, Road # 08, Block # J, Bashundhara R/A, Dhaka-1229.",5,4,"6,800","2,450 sqft", per sqft
"Plot-81, Road no-05, Block-D, Bashundhara R/A ( Near Mehedi Mart)",5,4,"8,700","2,557 sqft", per sqft
"road-1,house-10,block-b,section-12",6,6,"16,000,000","2,600 sqft", total price
"Plot # 35, Road # 1, Dhanmondi R/A, Dhaka-1209",5,4,"14,000","2,735 sqft", per sqft
"Solimuddin Market Road , Mirpur-1, Dhaka-1216",6,7,"8,500,000","2,500 sqft", total price
"road-1,house-10,block-b,section-12",3,3,"8,000,000","1,300 sqft", total price
Mirpur - 15 Behind Police Staff Quarter,4,3,"4,500","1,400 sqft", per sqft
"Plot: 448, Road No: 09, Block: K, Bashundhara R/A",4,4,"6,500","2,135 sqft", per sqft
"road-07,house-119,block-b,section-12",3,3,"8,000,000","1,350 sqft", total price
"Purba Ashkona, near Hajj camp. Uttara.",2,3,"4,300,000","1,150 sqft", total price
Khilgaon,2,1,"6,000","1,760 sqft", per sqft
"west dhanmondy,modhubazar,shoto moszid,",3,3,"5,300","1,300 sqft", per sqft
"Modhubag, Mogbazar (5 mins walking distance from Hatirjheel)",3,3,"5,000","1,180 sqft", per sqft
"Arambag Housing, Mirpur",3,3,"5,700","1,410 sqft", per sqft
"Cholintika Mor, Mirpur 6",4,3,"7,000,000","1,346 sqft", total price
"310 Ahamed Nagor, picke para, Mirpur-1, Dhaka -1216.",3,3,"4,500,000","1,038 sqft", total price
"Block C, Bashundhara",3,3,"9,500,000","1,200 sqft", total price
"Plot-81, Road no-05, Block-D, Bashundhara R/A",5,4,"8,700","2,564 sqft", per sqft
"Plot-81, Road no-05, Block-D, Bashundhara R/A ( Near Mehedi Mart)",5,4,"23,900,000","2,560 sqft", total price
"Plot# 30/C, Road # 02, Block # D , Bashundhara Residential area , Baridhara , Dhaka",3,3,"6,500","1,300 sqft", per sqft
"M0dumita Road, Tongi.",2,3,"3,500","1,060 sqft", per sqft
"Modhumoti Road,Tongi",2,3,"3,500","1,060 sqft", per sqft
"Modumita road,Tongi.",2,3,"3,500","1,060 sqft", per sqft
Modumita Road(opposite rising sun kinder garden school).Tongi. Dhaka.,2,3,"3,500","1,060 sqft", per sqft
"247 Free School Street, Kathal Bagan, Dhaka.",3,3,"8,400,000","1,385 sqft", total price
"road-03, Mohammadi Housing Limited, Mohammadpur, Dhaka",4,3,"7,000,000","1,476 sqft", total price
"Plot 1130, Road 10, Avenue 8",2,3,"6,700","1,100 sqft", per sqft
"South monipur,60 feet,Bareak mollar mor,Mirpur-02",3,3,"4,600,000","1,135 sqft", total price
"Solimuddin Market Road , Mirpur-1, Dhaka-1216",4,4,"5,000,000","1,500 sqft", total price
GULSHAN Dhaka,6,5,"15,000","4,700 sqft", per sqft
Basundhara R/A,3,3,"6,350","1,550 sqft", per sqft
Baridhara diplomatic zone,4,4,"22,000","3,500 sqft", per sqft
"Address: Holding # 465 , Senpara Porbota, Mirpur 13, Dhaka",3,3,"4,800","1,420 sqft", per sqft
suvastu nazar vally,1,1,"2,700,000",550 sqft, total price
